CUISINE_TYPE,RECIPE_ID
mediterranean,779030
european,779030
italian,779030
southern,570773
american,827452
american,587232
asian,615266
indian,615266
mediterranean,77003
european,77003
italian,77003
mediterranean,698480
european,698480
italian,698480
mexican,697617
american,589805
asian,302120
indian,302120
chines,98973
asian,98973
american,528821
american,740198
chines,246904
asian,246904
mexican,549417
mexican,445405
middl eastern,559543
american,718862
american,604218
mediterranean,765143
european,765143
french,765143
american,745043
asian,719156
vietnames,719156
asian,553213
thai,553213
mexican,798939
mediterranean,760582
european,760582
italian,760582
african,93984
mexican,300441
mediterranean,591620
european,591620
italian,591620
mexican,526152
mediterranean,522725
european,522725
italian,522725
american,82893
southern,71010
greek,586245
mediterranean,586245
european,586245
mediterranean,545724
european,545724
italian,545724
american,245520
american,484709
asian,557140
thai,557140
mediterranean,382767
european,382767
french,382767
mediterranean,446297
european,446297
italian,446297
american,44406
mexican,567987
american,522222
southern,597050
southern,481734
chines,520312
asian,520312
mediterranean,553948
european,553948
italian,553948
mexican,536976
asian,224456
indian,224456
american,63863
greek,506631
mediterranean,506631
european,506631
mediterranean,669163
european,669163
italian,669163
asian,760256
thai,760256
mexican,522169
mexican,621207
asian,628651
korean,628651
greek,629231
mediterranean,629231
european,629231
mediterranean,469201
european,469201
italian,469201
mediterranean,510529
european,510529
italian,510529
southern,694468
american,733264
southern,610443
spanish,568430
european,568430
mediterranean,590935
european,590935
italian,590935
southern,71064
mediterranean,197501
european,197501
italian,197501
american,604141
mediterranean,800691
european,800691
french,800691
asian,478335
korean,478335
mediterranean,15221
european,15221
italian,15221
european,537441
english,537441
british,537441
scottish,537441
mediterranean,477337
european,477337
italian,477337
american,309235
american,248890
american,63506
american,591671
asian,679194
indian,679194
southern,775112
spanish,603393
european,603393
american,629795
asian,744940
indian,744940
american,518812
mexican,743501
middl eastern,103610
mediterranean,770632
european,770632
italian,770632
mediterranean,379516
european,379516
italian,379516
american,613093
asian,697679
vietnames,697679
mexican,565371
mexican,83935
southern,717197
greek,337404
mediterranean,337404
european,337404
asian,472346
indian,472346
american,591068
european,209816
eastern european,209816
mediterranean,562855
european,562855
italian,562855
southern,600251
american,410928
mexican,16740
american,198955
asian,248421
thai,248421
mexican,618875
mexican,551968
mexican,26286
mediterranean,222046
european,222046
italian,222046
greek,645265
mediterranean,645265
european,645265
japanes,549759
asian,549759
german,428966
european,428966
american,35587
mediterranean,606358
european,606358
french,606358
american,631596
american,593821
mexican,588012
american,578263
american,800971
american,131256
mediterranean,249180
european,249180
french,249180
american,591695
american,590092
american,619499
american,541648
mediterranean,494138
european,494138
italian,494138
american,517160
american,550023
american,505362
mediterranean,584687
european,584687
french,584687
southern,612141
asian,669040
vietnames,669040
asian,796039
thai,796039
american,551620
jewish,195611
middl eastern,792867
european,612392
english,612392
british,612392
scottish,612392
chines,567804
asian,567804
american,527096
mediterranean,570468
european,570468
italian,570468
asian,205578
indian,205578
american,63623
southern,515227
japanes,812047
asian,812047
mediterranean,550372
european,550372
french,550372
chines,764646
asian,764646
greek,199909
mediterranean,199909
european,199909
mediterranean,521953
european,521953
italian,521953
southern,627065
mexican,490658
american,592303
mediterranean,524977
european,524977
french,524977
mediterranean,471467
european,471467
french,471467
american,615761
mexican,6013
mexican,299060
mexican,495413
american,573127
american,522696
middl eastern,584327
american,624031
american,517512
mediterranean,380105
european,380105
italian,380105
chines,225938
asian,225938
american,183972
mediterranean,69527
european,69527
italian,69527
american,519019
mexican,559227
mediterranean,513052
european,513052
italian,513052
german,570036
european,570036
mexican,577741
asian,759980
indian,759980
middl eastern,68354
asian,492996
indian,492996
american,624763
southern,572425
mediterranean,203932
european,203932
italian,203932
southern,518682
mediterranean,385028
european,385028
italian,385028
mexican,591937
asian,198974
thai,198974
mexican,80682
american,538915
american,606352
cajun,587089
creol,587089
mediterranean,178689
european,178689
italian,178689
american,621883
southern,217555
mediterranean,450833
european,450833
french,450833
chines,760573
asian,760573
chines,600352
asian,600352
japanes,796817
asian,796817
mediterranean,214537
european,214537
italian,214537
african,697214
mexican,609016
european,602386
english,602386
british,602386
scottish,602386
mexican,567866
american,82747
american,480492
southern,617296
mediterranean,536634
european,536634
italian,536634
mexican,278503
chines,591719
asian,591719
mediterranean,624957
european,624957
italian,624957
american,607717
asian,101125
indian,101125
mediterranean,463353
european,463353
italian,463353
mediterranean,615898
european,615898
italian,615898
american,16697
chines,602320
asian,602320
mediterranean,579270
european,579270
italian,579270
american,170891
asian,195928
vietnames,195928
american,620387
asian,519717
indian,519717
american,487820
southern,507599
mediterranean,782584
european,782584
italian,782584
mexican,485768
mediterranean,490481
european,490481
italian,490481
mediterranean,498193
european,498193
french,498193
mediterranean,680462
european,680462
italian,680462
mediterranean,542087
european,542087
french,542087
american,595333
mexican,481325
mediterranean,580203
european,580203
italian,580203
american,599703
mediterranean,536006
european,536006
italian,536006
spanish,7810
european,7810
mediterranean,180406
european,180406
italian,180406
mediterranean,548982
european,548982
french,548982
mexican,535651
european,546048
english,546048
british,546048
scottish,546048
mexican,608772
mediterranean,567679
european,567679
italian,567679
mexican,443319
spanish,514619
european,514619
american,772908
american,576041
american,493349
mediterranean,82656
european,82656
italian,82656
greek,626102
mediterranean,626102
european,626102
asian,579929
indian,579929
american,495804
greek,720368
mediterranean,720368
european,720368
middl eastern,207231
japanes,479785
asian,479785
cajun,213374
creol,213374
american,549663
mediterranean,605083
european,605083
italian,605083
mexican,489459
asian,564932
korean,564932
american,177625
german,492053
european,492053
southern,214087
american,506762
asian,696466
indian,696466
mexican,26623
mexican,626605
american,206512
american,497618
american,516595
european,628712
english,628712
british,628712
scottish,628712
american,506533
jewish,747463
southern,176918
american,120144
jewish,81299
american,260225
greek,491834
mediterranean,491834
european,491834
mediterranean,527321
european,527321
italian,527321
japanes,748864
asian,748864
mediterranean,590011
european,590011
french,590011
american,599496
american,185079
mediterranean,494973
european,494973
italian,494973
mediterranean,456002
european,456002
italian,456002
asian,624865
indian,624865
caribbean,468564
central american,468564
middl eastern,22190
mexican,484256
american,5840
american,547488
american,593100
american,63883
mediterranean,518317
european,518317
italian,518317
mediterranean,542880
european,542880
french,542880
american,590605
asian,41530
vietnames,41530
american,525269
mexican,386184
mediterranean,742154
european,742154
french,742154
american,516491
mediterranean,560390
european,560390
italian,560390
mediterranean,566171
european,566171
italian,566171
mediterranean,578320
european,578320
italian,578320
mexican,491556
southern,524707
american,500498
mediterranean,694152
european,694152
french,694152
mediterranean,603881
european,603881
italian,603881
mediterranean,18317
european,18317
italian,18317
asian,17690
thai,17690
american,598944
southern,488750
southern,609996
mexican,629789
american,523657
mediterranean,214208
european,214208
italian,214208
american,601389
mexican,197806
mexican,796996
mediterranean,55118
european,55118
french,55118
asian,619664
thai,619664
american,717259
greek,559200
mediterranean,559200
european,559200
european,484961
eastern european,484961
mediterranean,311368
european,311368
italian,311368
american,717222
mediterranean,672895
european,672895
italian,672895
mediterranean,109560
european,109560
italian,109560
american,185088
chines,215432
asian,215432
mexican,626063
german,698275
european,698275
american,178488
american,548000
mediterranean,8878
european,8878
italian,8878
mexican,496124
middl eastern,601628
mediterranean,551930
european,551930
italian,551930
american,103945
chines,499291
asian,499291
mediterranean,697170
european,697170
italian,697170
mexican,615845
mediterranean,628984
european,628984
italian,628984
southern,203088
american,592531
greek,743730
mediterranean,743730
european,743730
american,514303
spanish,78862
european,78862
middl eastern,687234
southern,43230
southern,499817
mediterranean,553028
european,553028
italian,553028
mediterranean,516895
european,516895
italian,516895
spanish,553024
european,553024
mexican,749515
american,620388
american,619296
jewish,599344
american,16887
american,71933
mexican,200750
asian,221954
indian,221954
mexican,510388
mediterranean,615464
european,615464
italian,615464
mexican,3508
american,572273
cajun,602073
creol,602073
mexican,101494
mexican,598865
asian,80253
vietnames,80253
south american,687713
latin american,687713
american,381370
american,582404
european,250509
english,250509
british,250509
scottish,250509
japanes,227069
asian,227069
mexican,557675
scandinavian,64517
european,64517
nordic,64517
southern,243583
mediterranean,244032
european,244032
italian,244032
american,526473
american,588196
american,523051
mediterranean,812032
european,812032
italian,812032
american,810112
jewish,115941
mexican,597973
southern,610861
asian,103967
indian,103967
mexican,226404
american,519882
mexican,531091
american,608310
southern,49219
american,2717
mediterranean,547960
european,547960
italian,547960
american,472322
european,97372
irish,97372
mexican,741334
asian,527305
vietnames,527305
mexican,710514
mexican,670104
mediterranean,250991
european,250991
italian,250991
american,810824
southern,79013
american,622380
american,623102
jewish,141351
mediterranean,619846
european,619846
italian,619846
mediterranean,759965
european,759965
italian,759965
southern,525968
mediterranean,471633
european,471633
italian,471633
european,452673
english,452673
british,452673
scottish,452673
american,443992
cajun,586424
creol,586424
mexican,479488
american,769569
mediterranean,570231
european,570231
italian,570231
spanish,792067
european,792067
american,632573
asian,602160
vietnames,602160
american,63555
american,604245
american,528353
asian,762620
thai,762620
southern,170959
american,583146
jewish,387076
middl eastern,480132
asian,589873
indian,589873
mediterranean,28378
european,28378
french,28378
mexican,399674
mediterranean,507446
european,507446
italian,507446
american,737832
european,484826
english,484826
british,484826
scottish,484826
american,682952
mexican,499388
american,198960
mexican,629747
american,558437
american,586540
american,60251
mediterranean,613247
european,613247
italian,613247
german,621568
european,621568
mexican,669026
mediterranean,537121
european,537121
italian,537121
american,228701
southern,139335
american,550134
european,696349
eastern european,696349
american,63993
chines,530523
asian,530523
american,484074
asian,695633
thai,695633
cajun,223815
creol,223815
mediterranean,620810
european,620810
italian,620810
mediterranean,211769
european,211769
italian,211769
mediterranean,599524
european,599524
italian,599524
mexican,549630
american,442345
european,485370
eastern european,485370
asian,694956
indian,694956
mediterranean,10873
european,10873
italian,10873
american,25597
american,252598
american,218277
south american,613387
latin american,613387
mediterranean,539934
european,539934
italian,539934
american,631482
american,300250
mediterranean,524609
european,524609
italian,524609
middl eastern,27556
cajun,458451
creol,458451
american,493563
american,826852
american,517122
mexican,540483
mediterranean,47066
european,47066
italian,47066
cajun,30786
creol,30786
mexican,702169
greek,49655
mediterranean,49655
european,49655
american,610197
chines,491706
asian,491706
mediterranean,536178
european,536178
italian,536178
asian,553299
thai,553299
american,477967
southern,524802
chines,771910
asian,771910
asian,523697
thai,523697
southern,496859
european,143242
eastern european,143242
southern,538462
mediterranean,206686
european,206686
italian,206686
mediterranean,26837
european,26837
italian,26837
american,210598
asian,625734
indian,625734
mediterranean,594939
european,594939
italian,594939
chines,344315
asian,344315
european,760569
english,760569
british,760569
scottish,760569
mexican,516845
mediterranean,516340
european,516340
italian,516340
spanish,514924
european,514924
asian,497635
indian,497635
european,431624
irish,431624
mediterranean,204312
european,204312
french,204312
mediterranean,548063
european,548063
french,548063
american,259861
chines,600643
asian,600643
asian,517016
indian,517016
chines,201182
asian,201182
greek,696587
mediterranean,696587
european,696587
southern,538660
mediterranean,752729
european,752729
italian,752729
mediterranean,580853
european,580853
italian,580853
mediterranean,246727
european,246727
italian,246727
southern,35223
mexican,5624
cajun,244749
creol,244749
american,525025
southern,669403
american,29160
mediterranean,509907
european,509907
italian,509907
american,479105
mexican,108060
american,568025
asian,616733
indian,616733
american,60938
mexican,570746
mediterranean,549935
european,549935
italian,549935
mexican,666732
american,179962
american,626125
american,516933
american,527115
cajun,595716
creol,595716
greek,596899
mediterranean,596899
european,596899
mediterranean,601755
european,601755
italian,601755
caribbean,53912
central american,53912
mediterranean,244048
european,244048
french,244048
asian,715370
korean,715370
american,605534
mediterranean,547298
european,547298
italian,547298
southern,512848
american,738030
american,245817
southern,759813
mexican,668033
european,810028
english,810028
british,810028
scottish,810028
mediterranean,755404
european,755404
italian,755404
southern,603062
mexican,219618
american,520147
american,585886
asian,592104
indian,592104
american,749976
american,592563
american,673137
mexican,196200
american,553839
jewish,197795
mediterranean,115571
european,115571
italian,115571
mexican,549405
american,250519
mediterranean,563914
european,563914
italian,563914
mediterranean,211413
european,211413
italian,211413
mexican,23189
american,343531
mexican,304769
south american,479065
latin american,479065
asian,201939
indian,201939
american,526606
american,45022
european,576841
eastern european,576841
asian,680128
thai,680128
european,746536
eastern european,746536
mexican,472205
asian,529578
thai,529578
jewish,498892
american,496877
mediterranean,554183
european,554183
italian,554183
american,772901
southern,810218
american,125972
mediterranean,534123
european,534123
italian,534123
greek,535648
mediterranean,535648
european,535648
greek,725457
mediterranean,725457
european,725457
american,54607
mexican,352968
mexican,591442
american,485396
mexican,611719
american,484477
mexican,584663
mediterranean,600356
european,600356
italian,600356
mexican,552690
asian,591523
indian,591523
southern,760531
mediterranean,428563
european,428563
italian,428563
mediterranean,99027
european,99027
italian,99027
american,214778
asian,764910
indian,764910
asian,719741
indian,719741
american,572863
mexican,262890
cajun,147665
creol,147665
greek,796826
mediterranean,796826
european,796826
mexican,542569
mexican,627085
southern,358292
mexican,407315
mexican,617472
american,553574
mexican,499965
spanish,577415
european,577415
mexican,583644
mexican,519268
american,137778
mexican,510139
scandinavian,731404
european,731404
nordic,731404
asian,597489
indian,597489
american,697808
american,205196
asian,139593
indian,139593
southern,144051
american,612055
american,684392
american,243618
mexican,483065
mexican,415956
american,530495
american,567246
mediterranean,617672
european,617672
italian,617672
mediterranean,748084
european,748084
french,748084
american,600694
mexican,628909
mediterranean,509839
european,509839
french,509839
greek,491982
mediterranean,491982
european,491982
southern,612646
american,480608
southern,513386
mexican,472689
mexican,698650
american,59875
greek,483468
mediterranean,483468
european,483468
american,617003
chines,517808
asian,517808
european,471559
irish,471559
european,48611
english,48611
british,48611
scottish,48611
mexican,173978
mexican,583483
european,551385
eastern european,551385
mexican,552925
mexican,508595
american,554575
american,570415
mediterranean,534571
european,534571
french,534571
asian,446879
thai,446879
mexican,731355
american,535570
european,691038
english,691038
british,691038
scottish,691038
american,565571
mexican,601181
american,677656
mexican,627166
american,474540
southern,486641
american,63450
mexican,146032
asian,666509
vietnames,666509
southern,772858
mexican,631557
asian,38945
korean,38945
mediterranean,583286
european,583286
french,583286
american,596267
mediterranean,554551
european,554551
italian,554551
asian,78849
indian,78849
american,615257
greek,23310
mediterranean,23310
european,23310
southern,95593
mexican,583823
south american,494345
latin american,494345
european,495410
irish,495410
mexican,562448
southern,616818
american,628784
mediterranean,200004
european,200004
italian,200004
american,517324
chines,615715
asian,615715
mediterranean,222661
european,222661
italian,222661
mediterranean,28809
european,28809
italian,28809
japanes,483951
asian,483951
german,446471
european,446471
american,506594
american,718236
southern,47689
mediterranean,39286
european,39286
italian,39286
american,495638
mexican,698017
asian,762191
indian,762191
cajun,34923
creol,34923
american,521366
american,195552
mexican,559324
american,739417
european,675361
english,675361
british,675361
scottish,675361
spanish,666836
european,666836
greek,386672
mediterranean,386672
european,386672
cajun,448470
creol,448470
american,824146
scandinavian,147332
european,147332
nordic,147332
american,518889
cajun,435891
creol,435891
american,213675
asian,600691
indian,600691
asian,550770
indian,550770
asian,248983
vietnames,248983
american,617665
southern,496083
mediterranean,561627
european,561627
italian,561627
asian,248051
thai,248051
mediterranean,589897
european,589897
italian,589897
mediterranean,594592
european,594592
italian,594592
european,93031
irish,93031
american,532320
mexican,407151
mexican,557420
european,566588
irish,566588
greek,743138
mediterranean,743138
european,743138
american,486010
american,754634
mexican,680220
asian,565588
indian,565588
greek,249144
mediterranean,249144
european,249144
american,798642
mexican,78254
american,247930
chines,607053
asian,607053
southern,826020
european,478380
english,478380
british,478380
scottish,478380
mediterranean,196597
european,196597
italian,196597
mediterranean,480284
european,480284
italian,480284
american,517893
european,221907
english,221907
british,221907
scottish,221907
american,618148
mexican,496435
american,597651
greek,532569
mediterranean,532569
european,532569
european,720302
irish,720302
american,249358
mediterranean,492006
european,492006
italian,492006
mediterranean,15108
european,15108
italian,15108
american,349791
american,210081
mediterranean,622681
european,622681
italian,622681
japanes,602623
asian,602623
middl eastern,532457
mediterranean,796871
european,796871
italian,796871
mediterranean,706022
european,706022
italian,706022
cajun,137924
creol,137924
jewish,697288
american,729476
american,608708
german,674627
european,674627
mexican,609291
mediterranean,539846
european,539846
italian,539846
middl eastern,490336
american,731449
mexican,499046
mediterranean,413283
european,413283
italian,413283
mediterranean,583704
european,583704
italian,583704
american,599456
asian,676837
vietnames,676837
chines,202926
asian,202926
american,511106
mediterranean,620293
european,620293
italian,620293
southern,286654
mexican,747171
mexican,291052
southern,761260
mediterranean,485412
european,485412
french,485412
american,446100
asian,730422
thai,730422
southern,489215
mexican,740384
american,402402
mexican,597164
mediterranean,548235
european,548235
italian,548235
cajun,508918
creol,508918
mediterranean,522475
european,522475
french,522475
mediterranean,606436
european,606436
italian,606436
greek,4387
mediterranean,4387
european,4387
asian,474443
vietnames,474443
southern,139575
mexican,99317
southern,586888
southern,683444
mediterranean,756247
european,756247
italian,756247
mexican,604746
european,574367
english,574367
british,574367
scottish,574367
american,611739
asian,586740
indian,586740
european,599640
eastern european,599640
middl eastern,609218
american,63569
american,770066
southern,605428
american,214806
mediterranean,568528
european,568528
french,568528
middl eastern,556662
mediterranean,19709
european,19709
italian,19709
mediterranean,200944
european,200944
italian,200944
cajun,586287
creol,586287
middl eastern,611548
european,528129
english,528129
british,528129
scottish,528129
mexican,517947
mediterranean,677786
european,677786
italian,677786
european,56284
irish,56284
greek,552637
mediterranean,552637
european,552637
asian,546611
indian,546611
american,504747
asian,472096
indian,472096
southern,572859
scandinavian,444208
european,444208
nordic,444208
mediterranean,738172
european,738172
italian,738172
mexican,616089
european,545468
english,545468
british,545468
scottish,545468
american,590726
mediterranean,90926
european,90926
italian,90926
mediterranean,756693
european,756693
italian,756693
american,668315
chines,520702
asian,520702
american,222707
asian,794052
vietnames,794052
american,33803
european,395102
english,395102
british,395102
scottish,395102
american,483129
american,463108
japanes,619748
asian,619748
american,572009
spanish,196171
european,196171
mediterranean,479167
european,479167
french,479167
american,826455
mediterranean,178467
european,178467
italian,178467
southern,620646
american,63368
mexican,214316
southern,475979
mexican,594807
mexican,736783
mexican,4881
mediterranean,620713
european,620713
italian,620713
american,63938
southern,667873
european,618573
english,618573
british,618573
scottish,618573
american,564388
mediterranean,132187
european,132187
italian,132187
chines,476240
asian,476240
mexican,674377
scandinavian,471525
european,471525
nordic,471525
american,518943
mexican,414269
southern,141957
mediterranean,597555
european,597555
french,597555
mexican,465435
american,446959
cajun,596832
creol,596832
asian,510496
indian,510496
greek,480711
mediterranean,480711
european,480711
mediterranean,475708
european,475708
italian,475708
european,559118
english,559118
british,559118
scottish,559118
mediterranean,603751
european,603751
italian,603751
american,752297
greek,195777
mediterranean,195777
european,195777
mexican,625713
asian,196030
vietnames,196030
mediterranean,742498
european,742498
italian,742498
european,213391
english,213391
british,213391
scottish,213391
american,474772
cajun,65004
creol,65004
american,494171
asian,720455
indian,720455
mexican,203441
southern,462701
mexican,54439
american,474200
american,695747
southern,607116
german,694651
european,694651
mexican,317314
american,517998
european,54864
irish,54864
american,526660
chines,227294
asian,227294
mediterranean,545298
european,545298
french,545298
mexican,631236
mexican,615185
mediterranean,551412
european,551412
italian,551412
german,464894
european,464894
south american,532391
latin american,532391
american,616644
mexican,290029
american,541660
mediterranean,604444
european,604444
italian,604444
mediterranean,44400
european,44400
italian,44400
mediterranean,794358
european,794358
italian,794358
cajun,527491
creol,527491
mediterranean,540406
european,540406
italian,540406
american,629194
mexican,539541
mediterranean,595696
european,595696
italian,595696
mediterranean,606944
european,606944
italian,606944
mexican,628817
cajun,474050
creol,474050
chines,212908
asian,212908
mexican,612105
asian,524276
indian,524276
greek,312124
mediterranean,312124
european,312124
southern,520526
american,515937
mexican,684875
mediterranean,532940
european,532940
italian,532940
southern,198769
american,547376
american,579771
mediterranean,691423
european,691423
italian,691423
mediterranean,608475
european,608475
italian,608475
american,245861
middl eastern,827022
southern,549868
southern,244938
american,478211
south american,589250
latin american,589250
american,541611
mexican,560716
american,54579
american,63413
european,477247
eastern european,477247
american,673911
asian,618013
vietnames,618013
mexican,622614
mediterranean,615177
european,615177
italian,615177
german,489225
european,489225
mediterranean,76925
european,76925
italian,76925
mediterranean,78727
european,78727
french,78727
mediterranean,683317
european,683317
italian,683317
mediterranean,473917
european,473917
italian,473917
mexican,538976
mediterranean,179667
european,179667
italian,179667
european,46821
english,46821
british,46821
scottish,46821
american,63643
european,482745
english,482745
british,482745
scottish,482745
mexican,571730
american,810012
mediterranean,351753
european,351753
italian,351753
southern,491972
spanish,598874
european,598874
asian,480005
vietnames,480005
greek,670672
mediterranean,670672
european,670672
mexican,278725
mediterranean,623711
european,623711
italian,623711
asian,685983
indian,685983
american,379514
asian,204746
indian,204746
mediterranean,590876
european,590876
italian,590876
asian,574097
indian,574097
mexican,531093
southern,606910
asian,591189
indian,591189
mediterranean,568058
european,568058
italian,568058
mediterranean,576177
european,576177
italian,576177
mediterranean,510423
european,510423
italian,510423
european,759618
irish,759618
american,813245
mexican,611964
american,64104
southern,185078
southern,476774
mexican,479970
mediterranean,246620
european,246620
french,246620
mediterranean,597481
european,597481
italian,597481
asian,196517
indian,196517
american,520107
mediterranean,569792
european,569792
italian,569792
mediterranean,621771
european,621771
italian,621771
american,518918
mediterranean,624428
european,624428
italian,624428
asian,472445
indian,472445
mexican,147378
mediterranean,154196
european,154196
italian,154196
american,286588
southern,300212
southern,739971
mexican,812478
greek,610659
mediterranean,610659
european,610659
american,579175
asian,619902
indian,619902
asian,201843
thai,201843
cajun,630778
creol,630778
american,64025
mexican,491654
southern,497307
american,568031
mediterranean,381474
european,381474
italian,381474
south american,610813
latin american,610813
mexican,546525
mexican,536496
mediterranean,505049
european,505049
italian,505049
american,249072
american,626105
mexican,811935
asian,588404
indian,588404
chines,522418
asian,522418
mediterranean,511993
european,511993
italian,511993
asian,23315
thai,23315
american,680150
mediterranean,513458
european,513458
french,513458
european,499482
irish,499482
american,527126
european,580270
eastern european,580270
american,682975
southern,476413
asian,548309
indian,548309
southern,13114
american,528137
american,216264
european,129655
english,129655
british,129655
scottish,129655
american,612514
mediterranean,689938
european,689938
italian,689938
scandinavian,4899
european,4899
nordic,4899
mediterranean,611799
european,611799
italian,611799
mediterranean,285452
european,285452
french,285452
american,508194
mediterranean,618649
european,618649
italian,618649
american,517217
middl eastern,506297
american,620581
greek,592086
mediterranean,592086
european,592086
american,747074
mexican,609712
middl eastern,721804
asian,759001
indian,759001
american,732879
mediterranean,743645
european,743645
italian,743645
mediterranean,36273
european,36273
italian,36273
mediterranean,18494
european,18494
italian,18494
american,597021
american,63815
asian,512596
indian,512596
american,628182
american,506813
mediterranean,184429
european,184429
italian,184429
mediterranean,556121
european,556121
italian,556121
jewish,537504
mexican,625349
asian,589591
vietnames,589591
mediterranean,586938
european,586938
italian,586938
american,519467
asian,729016
thai,729016
mediterranean,752684
european,752684
italian,752684
mediterranean,27390
european,27390
italian,27390
mediterranean,549874
european,549874
italian,549874
greek,595200
mediterranean,595200
european,595200
cajun,736320
creol,736320
mediterranean,247477
european,247477
italian,247477
mexican,248986
asian,798347
thai,798347
mediterranean,385104
european,385104
italian,385104
mediterranean,534534
european,534534
italian,534534
mediterranean,222399
european,222399
italian,222399
mediterranean,506900
european,506900
french,506900
mexican,712716
chines,206388
asian,206388
mediterranean,482820
european,482820
italian,482820
cajun,61764
creol,61764
american,558417
mediterranean,527200
european,527200
italian,527200
chines,602626
asian,602626
mediterranean,597053
european,597053
italian,597053
german,211117
european,211117
european,586498
irish,586498
japanes,719029
asian,719029
mexican,471808
middl eastern,113911
mexican,758901
middl eastern,772934
american,198950
american,474164
mexican,511031
american,741607
greek,612499
mediterranean,612499
european,612499
mexican,574731
mediterranean,608094
european,608094
italian,608094
mediterranean,479944
european,479944
italian,479944
mexican,101934
mexican,468322
chines,602701
asian,602701
german,556096
european,556096
asian,754180
indian,754180
southern,677211
southern,772787
southern,748440
mediterranean,736866
european,736866
french,736866
mediterranean,19928
european,19928
italian,19928
american,597723
mediterranean,521631
european,521631
italian,521631
american,550046
mexican,475020
american,609768
asian,551349
indian,551349
american,688249
american,602338
spanish,573534
european,573534
cajun,692930
creol,692930
european,637675
english,637675
british,637675
scottish,637675
american,63447
american,783901
mediterranean,582582
european,582582
italian,582582
mexican,6952
mediterranean,51434
european,51434
italian,51434
southern,45112
american,550239
middl eastern,627160
southern,574000
mexican,136724
american,479381
american,618884
japanes,504164
asian,504164
mexican,555593
mediterranean,510330
european,510330
italian,510330
mexican,548614
mexican,669027
american,248053
american,568111
middl eastern,732151
mexican,553887
european,506980
eastern european,506980
european,608343
english,608343
british,608343
scottish,608343
american,506618
american,521398
american,500341
southern,558023
scandinavian,491861
european,491861
nordic,491861
southern,575327
southern,608412
mediterranean,514738
european,514738
italian,514738
middl eastern,410835
american,544023
asian,584847
indian,584847
american,272741
american,503290
greek,548501
mediterranean,548501
european,548501
american,709590
american,572852
mediterranean,17124
european,17124
french,17124
south american,737802
latin american,737802
mediterranean,697511
european,697511
italian,697511
mexican,498776
mediterranean,536060
european,536060
italian,536060
american,670407
american,607264
american,755678
mediterranean,603018
european,603018
italian,603018
american,244147
american,627108
mexican,444984
american,66869
mexican,32077
chines,522534
asian,522534
american,185137
american,608391
mediterranean,31919
european,31919
italian,31919
southern,246520
mexican,695204
asian,33378
indian,33378
american,49767
mexican,499735
american,718421
spanish,771568
european,771568
mediterranean,470729
european,470729
french,470729
american,63939
american,415481
mediterranean,757846
european,757846
italian,757846
southern,504218
mexican,494641
caribbean,621378
central american,621378
mexican,599471
mexican,552047
german,241352
european,241352
mediterranean,78493
european,78493
french,78493
mediterranean,492413
european,492413
italian,492413
american,476808
asian,811952
indian,811952
mexican,590579
american,71780
american,498233
scandinavian,4885
european,4885
nordic,4885
american,572932
american,573156
german,195179
european,195179
asian,481650
thai,481650
american,518124
asian,559331
indian,559331
asian,506868
thai,506868
cajun,484195
creol,484195
american,389793
mexican,516743
mexican,535815
mediterranean,499656
european,499656
italian,499656
asian,600969
indian,600969
mexican,397691
mediterranean,802485
european,802485
italian,802485
mediterranean,483285
european,483285
italian,483285
cajun,576618
creol,576618
mediterranean,384290
european,384290
italian,384290
mediterranean,551013
european,551013
french,551013
middl eastern,506691
southern,71007
mexican,618728
american,595010
southern,605643
european,587917
english,587917
british,587917
scottish,587917
southern,638940
mediterranean,176900
european,176900
italian,176900
greek,47508
mediterranean,47508
european,47508
southern,140542
mexican,248317
jewish,481170
southern,541288
mexican,58142
mexican,592372
mediterranean,515983
european,515983
italian,515983
european,224612
english,224612
british,224612
scottish,224612
mexican,557817
greek,791778
mediterranean,791778
european,791778
american,63833
european,56198
english,56198
british,56198
scottish,56198
american,526870
mexican,517022
mediterranean,616091
european,616091
italian,616091
asian,603425
thai,603425
japanes,755483
asian,755483
southern,209485
mexican,198150
european,292581
eastern european,292581
mediterranean,225404
european,225404
french,225404
cajun,552543
creol,552543
american,583740
mexican,693188
asian,696674
korean,696674
mediterranean,492431
european,492431
italian,492431
american,588852
american,571132
european,478388
english,478388
british,478388
scottish,478388
american,115786
mediterranean,40269
european,40269
french,40269
mediterranean,547676
european,547676
italian,547676
mexican,608896
southern,504447
american,556255
american,508068
german,416861
european,416861
cajun,57403
creol,57403
mediterranean,330271
european,330271
french,330271
jewish,623109
american,553031
american,549619
mediterranean,10494
european,10494
italian,10494
mexican,225212
american,562808
mediterranean,690777
european,690777
italian,690777
asian,201792
thai,201792
greek,23217
mediterranean,23217
european,23217
japanes,562083
asian,562083
american,63544
american,129449
mediterranean,507421
european,507421
french,507421
mediterranean,685902
european,685902
italian,685902
southern,443853
jewish,408270
american,508025
american,546690
european,536440
english,536440
british,536440
scottish,536440
american,227980
american,493830
mexican,506877
south american,801152
latin american,801152
european,78801
irish,78801
mexican,78287
mediterranean,524056
european,524056
italian,524056
mediterranean,519684
european,519684
italian,519684
southern,792341
mediterranean,520241
european,520241
italian,520241
american,185176
mediterranean,678880
european,678880
italian,678880
european,136999
eastern european,136999
american,767605
german,446907
european,446907
mexican,591429
mexican,382677
asian,584591
indian,584591
mediterranean,623201
european,623201
italian,623201
mexican,557601
asian,405718
thai,405718
american,227965
mediterranean,719265
european,719265
italian,719265
cajun,60536
creol,60536
mexican,249670
american,794496
mexican,759418
american,285194
american,695873
asian,105650
indian,105650
mediterranean,313785
european,313785
italian,313785
asian,516142
thai,516142
american,285416
mediterranean,563071
european,563071
italian,563071
mediterranean,495095
european,495095
italian,495095
mexican,603419
mexican,497809
american,603862
american,643405
asian,543089
thai,543089
american,585711
american,628501
european,796217
english,796217
british,796217
scottish,796217
mediterranean,489275
european,489275
italian,489275
american,132118
american,493204
asian,535910
vietnames,535910
american,741651
american,538284
mexican,762092
south american,678528
latin american,678528
european,444531
irish,444531
mexican,136965
european,595999
irish,595999
asian,216808
indian,216808
mexican,759515
american,678327
jewish,445362
mediterranean,674121
european,674121
italian,674121
american,131045
asian,217193
indian,217193
southern,244627
mediterranean,498064
european,498064
french,498064
mediterranean,78223
european,78223
french,78223
american,515618
south american,207629
latin american,207629
south american,527233
latin american,527233
southern,597246
southern,243590
mexican,611206
american,630202
american,485927
american,601554
american,503365
mediterranean,686783
european,686783
italian,686783
mexican,734857
spanish,552758
european,552758
mediterranean,618172
european,618172
italian,618172
mediterranean,245845
european,245845
italian,245845
american,471367
japanes,390330
asian,390330
american,695153
spanish,552699
european,552699
american,673568
southern,521638
american,628185
american,583713
southern,483780
mediterranean,519638
european,519638
italian,519638
american,301532
american,214812
mediterranean,471898
european,471898
italian,471898
southern,551332
american,739662
mediterranean,173030
european,173030
italian,173030
mediterranean,552406
european,552406
italian,552406
american,758479
american,197767
european,129572
english,129572
british,129572
scottish,129572
jewish,615567
mediterranean,627201
european,627201
italian,627201
american,538725
mediterranean,215313
european,215313
italian,215313
asian,207908
indian,207908
mexican,21529
asian,217365
indian,217365
american,588114
mexican,560893
mediterranean,421345
european,421345
italian,421345
american,620381
mediterranean,558606
european,558606
italian,558606
cajun,754703
creol,754703
american,682079
southern,582579
mexican,516945
mexican,686198
mexican,448383
american,745471
mediterranean,223943
european,223943
italian,223943
mediterranean,248580
european,248580
italian,248580
european,775142
english,775142
british,775142
scottish,775142
mediterranean,28393
european,28393
italian,28393
southern,496136
asian,36749
vietnames,36749
american,494220
american,597331
european,86192
english,86192
british,86192
scottish,86192
southern,587550
american,475595
mexican,586084
cajun,666282
creol,666282
mediterranean,604113
european,604113
italian,604113
american,678211
american,473224
mediterranean,48116
european,48116
french,48116
mediterranean,67988
european,67988
italian,67988
spanish,667592
european,667592
mexican,574323
southern,439467
mediterranean,610924
european,610924
italian,610924
asian,814291
indian,814291
caribbean,750760
central american,750760
american,522982
american,199793
mediterranean,512689
european,512689
french,512689
american,537363
american,603921
south american,814845
latin american,814845
american,541572
american,812274
mediterranean,626560
european,626560
italian,626560
south american,697805
latin american,697805
middl eastern,517510
european,618823
english,618823
british,618823
scottish,618823
southern,620502
american,203460
american,72190
mediterranean,749250
european,749250
italian,749250
american,501189
mediterranean,627195
european,627195
french,627195
caribbean,74567
central american,74567
mediterranean,282589
european,282589
italian,282589
american,569054
southern,618058
asian,490013
thai,490013
american,293527
american,35056
mediterranean,509413
european,509413
italian,509413
southern,823858
european,575748
english,575748
british,575748
scottish,575748
greek,669586
mediterranean,669586
european,669586
mediterranean,537590
european,537590
french,537590
mediterranean,568550
european,568550
italian,568550
american,330680
american,572176
american,5706
cajun,34814
creol,34814
european,485440
eastern european,485440
southern,244541
european,80489
english,80489
british,80489
scottish,80489
american,554296
southern,801532
mediterranean,211181
european,211181
italian,211181
american,583817
mediterranean,506058
european,506058
italian,506058
middl eastern,602581
cajun,504441
creol,504441
asian,196606
vietnames,196606
southern,508991
american,575374
asian,551992
indian,551992
chines,558791
asian,558791
mexican,511456
american,536375
american,171181
asian,523382
indian,523382
mexican,409564
middl eastern,584250
mediterranean,626255
european,626255
italian,626255
american,586325
mexican,549818
mexican,199752
jewish,485393
mexican,579357
chines,667537
asian,667537
european,686773
english,686773
british,686773
scottish,686773
mexican,514160
mediterranean,704008
european,704008
italian,704008
american,489197
american,393936
german,566227
european,566227
asian,629101
indian,629101
american,600423
mediterranean,625939
european,625939
italian,625939
chines,527854
asian,527854
american,492530
chines,393830
asian,393830
southern,205979
greek,550010
mediterranean,550010
european,550010
american,519898
mexican,468254
american,579296
american,594840
american,490948
mediterranean,510278
european,510278
french,510278
american,558322
american,492562
mediterranean,522246
european,522246
italian,522246
mexican,792702
mediterranean,605337
european,605337
italian,605337
american,559675
mediterranean,535676
european,535676
italian,535676
asian,88599
thai,88599
american,569824
southern,518197
mexican,616322
southern,598976
european,430350
english,430350
british,430350
scottish,430350
mexican,446239
mediterranean,742508
european,742508
italian,742508
southern,527678
american,583963
asian,59105
indian,59105
scandinavian,602465
european,602465
nordic,602465
southern,244600
american,553252
american,27011
mediterranean,15098
european,15098
italian,15098
european,720456
irish,720456
mediterranean,507437
european,507437
italian,507437
asian,491041
indian,491041
german,489223
european,489223
cajun,495781
creol,495781
mexican,516384
asian,600869
thai,600869
japanes,609064
asian,609064
southern,599257
asian,195783
thai,195783
mexican,629450
asian,540780
indian,540780
mexican,578504
greek,144050
mediterranean,144050
european,144050
middl eastern,481193
southern,745603
mediterranean,610595
european,610595
italian,610595
mediterranean,513085
european,513085
french,513085
american,8815
middl eastern,719846
greek,512396
mediterranean,512396
european,512396
greek,589391
mediterranean,589391
european,589391
mexican,524793
mediterranean,247806
european,247806
italian,247806
southern,599142
asian,680812
vietnames,680812
american,623927
american,479668
mexican,473845
mediterranean,225875
european,225875
french,225875
asian,621574
vietnames,621574
american,486894
american,538872
american,448464
southern,555218
mediterranean,547072
european,547072
italian,547072
american,618610
mexican,631041
mexican,450162
american,573089
mexican,75994
mediterranean,492776
european,492776
french,492776
american,541639
asian,760959
indian,760959
american,250031
mexican,543439
asian,608281
indian,608281
mexican,500331
mediterranean,699290
european,699290
italian,699290
mediterranean,204755
european,204755
italian,204755
mexican,575758
american,619863
american,753616
german,484378
european,484378
mediterranean,174026
european,174026
italian,174026
southern,495105
american,590194
german,205757
european,205757
southern,592324
mediterranean,771975
european,771975
italian,771975
asian,537681
indian,537681
mexican,548185
american,63952
american,119958
southern,565919
spanish,196207
european,196207
mexican,763693
southern,262873
chines,531407
asian,531407
southern,475166
german,264212
european,264212
american,516784
american,148778
american,779641
american,525089
american,47091
mediterranean,567051
european,567051
italian,567051
middl eastern,566561
american,720887
mediterranean,392292
european,392292
italian,392292
mediterranean,601823
european,601823
italian,601823
american,249980
mediterranean,36052
european,36052
italian,36052
mediterranean,563020
european,563020
italian,563020
mexican,288307
middl eastern,100519
southern,721506
mediterranean,33759
european,33759
italian,33759
mexican,506662
jewish,735441
asian,485929
thai,485929
american,814030
mexican,571790
european,742814
irish,742814
mediterranean,13799
european,13799
italian,13799
mediterranean,595974
european,595974
italian,595974
asian,612596
indian,612596
american,70033
american,602480
american,113471
american,571590
mexican,1311
american,501
mediterranean,598595
european,598595
french,598595
american,694759
cajun,436644
creol,436644
american,77656
mediterranean,427636
european,427636
french,427636
american,578731
mediterranean,739475
european,739475
italian,739475
middl eastern,91131
american,507456
mexican,552721
american,285846
american,523191
caribbean,114678
central american,114678
japanes,705666
asian,705666
caribbean,72026
central american,72026
american,490963
american,48026
american,536771
american,542639
mediterranean,78470
european,78470
french,78470
cajun,120846
creol,120846
american,84423
american,676634
chines,666990
asian,666990
middl eastern,695159
asian,31797
indian,31797
american,376759
chines,209915
asian,209915
american,607775
mexican,715105
southern,78752
cajun,812598
creol,812598
mediterranean,202799
european,202799
french,202799
mexican,598477
asian,549879
thai,549879
asian,542118
indian,542118
middl eastern,555130
mexican,548561
southern,686048
mediterranean,537785
european,537785
italian,537785
mediterranean,761158
european,761158
italian,761158
mediterranean,36060
european,36060
italian,36060
southern,624584
european,801987
eastern european,801987
mexican,472317
chines,508757
asian,508757
cajun,34835
creol,34835
american,515325
european,56174
irish,56174
mediterranean,600681
european,600681
italian,600681
mediterranean,536640
european,536640
italian,536640
american,578066
spanish,602708
european,602708
american,543500
asian,559610
indian,559610
european,224430
eastern european,224430
american,525276
mediterranean,507415
european,507415
italian,507415
mediterranean,617773
european,617773
italian,617773
mediterranean,287341
european,287341
italian,287341
european,505668
english,505668
british,505668
scottish,505668
european,588864
irish,588864
mexican,618017
american,246813
mediterranean,755360
european,755360
french,755360
southern,581966
mediterranean,447078
european,447078
italian,447078
mexican,510705
american,218689
mediterranean,446330
european,446330
italian,446330
jewish,81789
asian,19277
indian,19277
spanish,686428
european,686428
american,394295
german,630673
european,630673
mediterranean,618123
european,618123
italian,618123
asian,612135
thai,612135
southern,562685
mediterranean,562831
european,562831
italian,562831
mediterranean,77055
european,77055
italian,77055
european,775366
irish,775366
caribbean,497632
central american,497632
mediterranean,392540
european,392540
french,392540
mediterranean,499031
european,499031
italian,499031
mediterranean,679953
european,679953
italian,679953
mediterranean,577441
european,577441
italian,577441
mexican,669721
american,615269
southern,567282
chines,603359
asian,603359
asian,248301
korean,248301
south american,41408
latin american,41408
american,619149
asian,221499
indian,221499
mediterranean,743379
european,743379
italian,743379
mediterranean,506707
european,506707
french,506707
german,571942
european,571942
mediterranean,598805
european,598805
italian,598805
german,497697
european,497697
american,220311
spanish,753509
european,753509
american,476385
american,601735
mediterranean,204992
european,204992
italian,204992
american,52162
asian,21665
vietnames,21665
middl eastern,603976
mediterranean,554152
european,554152
italian,554152
mediterranean,102639
european,102639
italian,102639
american,77883
american,573228
mediterranean,474282
european,474282
italian,474282
european,588535
english,588535
british,588535
scottish,588535
jewish,709251
mexican,695052
mexican,592388
greek,521603
mediterranean,521603
european,521603
mediterranean,580262
european,580262
italian,580262
german,213300
european,213300
greek,491821
mediterranean,491821
european,491821
middl eastern,578584
american,592638
american,518591
american,520883
mexican,673342
mediterranean,387878
european,387878
italian,387878
american,59937
southern,474724
american,600070
asian,144433
indian,144433
american,542726
mediterranean,216261
european,216261
italian,216261
mexican,21949
southern,446154
mediterranean,504219
european,504219
italian,504219
southern,528209
mediterranean,184551
european,184551
italian,184551
american,82190
european,496819
english,496819
british,496819
scottish,496819
american,480620
asian,34470
vietnames,34470
american,617291
mediterranean,528244
european,528244
italian,528244
american,558685
southern,519676
american,63574
european,541882
english,541882
british,541882
scottish,541882
american,45542
chines,487416
asian,487416
american,77474
american,823801
southern,579226
asian,595486
indian,595486
mediterranean,542131
european,542131
french,542131
american,599260
mexican,791850
mediterranean,599449
european,599449
italian,599449
mediterranean,245946
european,245946
italian,245946
mexican,800538
american,523068
american,577745
chines,204296
asian,204296
greek,606979
mediterranean,606979
european,606979
mediterranean,519451
european,519451
italian,519451
southern,599103
middl eastern,670277
mexican,579064
middl eastern,499807
middl eastern,545077
american,477888
american,412804
american,538956
mediterranean,671164
european,671164
italian,671164
american,202981
asian,221496
indian,221496
cajun,195403
creol,195403
american,693111
mexican,518422
southern,729033
american,509592
mediterranean,512601
european,512601
italian,512601
american,770845
european,572658
irish,572658
mediterranean,595911
european,595911
italian,595911
american,570048
southern,739840
mediterranean,602419
european,602419
french,602419
greek,500012
mediterranean,500012
european,500012
american,616477
chines,696836
asian,696836
american,5901
american,754316
southern,201333
japanes,576672
asian,576672
american,545568
american,514208
mexican,567994
african,494023
american,746353
american,475222
mexican,499670
mediterranean,388896
european,388896
italian,388896
american,63677
american,136170
mexican,598482
mediterranean,685086
european,685086
italian,685086
american,545410
middl eastern,482389
american,543399
mediterranean,627132
european,627132
italian,627132
caribbean,401955
central american,401955
mediterranean,498596
european,498596
italian,498596
southern,616404
mediterranean,592437
european,592437
italian,592437
mediterranean,512211
european,512211
italian,512211
american,300932
american,522382
jewish,38839
asian,687274
indian,687274
american,523508
mediterranean,496057
european,496057
italian,496057
greek,763692
mediterranean,763692
european,763692
mediterranean,494980
european,494980
italian,494980
mediterranean,728575
european,728575
italian,728575
greek,283371
mediterranean,283371
european,283371
mexican,602799
mediterranean,609910
european,609910
italian,609910
southern,703030
southern,254866
mediterranean,495316
european,495316
italian,495316
american,23419
mediterranean,581802
european,581802
french,581802
mexican,591407
mexican,499665
mediterranean,78455
european,78455
french,78455
mediterranean,749761
european,749761
french,749761
asian,216646
thai,216646
american,558189
southern,196325
mediterranean,793884
european,793884
italian,793884
american,454668
american,571502
american,499680
middl eastern,751232
mexican,718054
mediterranean,678901
european,678901
italian,678901
cajun,802338
creol,802338
asian,80606
vietnames,80606
european,748963
english,748963
british,748963
scottish,748963
american,505444
mexican,477162
chines,14840
asian,14840
mediterranean,573579
european,573579
french,573579
mexican,713565
chines,710520
asian,710520
mexican,475625
mediterranean,610130
european,610130
italian,610130
mexican,678603
cajun,697331
creol,697331
american,708967
mexican,482474
southern,479128
greek,484316
mediterranean,484316
european,484316
american,612817
southern,539134
japanes,683047
asian,683047
american,560995
mediterranean,495946
european,495946
italian,495946
american,760070
american,471332
mediterranean,628166
european,628166
italian,628166
american,211174
european,107787
english,107787
british,107787
scottish,107787
mediterranean,35994
european,35994
italian,35994
chines,203074
asian,203074
middl eastern,610398
greek,289889
mediterranean,289889
european,289889
mediterranean,14109
european,14109
italian,14109
mexican,577665
american,613035
european,464187
irish,464187
mediterranean,574615
european,574615
italian,574615
european,553149
english,553149
british,553149
scottish,553149
american,761152
mediterranean,616519
european,616519
italian,616519
american,667176
jewish,196762
mediterranean,217207
european,217207
italian,217207
cajun,728688
creol,728688
mediterranean,136349
european,136349
italian,136349
american,513608
asian,91877
korean,91877
mexican,705337
mexican,414057
mexican,584486
chines,600012
asian,600012
american,514383
southern,558117
southern,592379
mediterranean,337673
european,337673
italian,337673
american,590139
mexican,694359
german,697262
european,697262
european,584036
english,584036
british,584036
scottish,584036
mediterranean,675412
european,675412
italian,675412
american,196360
mediterranean,487265
european,487265
french,487265
mediterranean,411383
european,411383
italian,411383
american,548464
southern,738877
mexican,489449
mediterranean,21991
european,21991
italian,21991
mexican,618169
mexican,512614
asian,205802
indian,205802
american,582297
american,611928
asian,552810
thai,552810
mexican,618731
american,760248
chines,521112
asian,521112
asian,777042
indian,777042
mediterranean,36545
european,36545
italian,36545
american,528286
asian,599253
indian,599253
asian,568950
thai,568950
chines,497877
asian,497877
mediterranean,205680
european,205680
italian,205680
american,764920
southern,559913
mediterranean,518434
european,518434
italian,518434
southern,524540
american,518668
japanes,526325
asian,526325
mediterranean,617437
european,617437
italian,617437
american,559857
american,202126
american,396213
asian,480843
korean,480843
mediterranean,488934
european,488934
italian,488934
asian,530184
thai,530184
greek,764281
mediterranean,764281
european,764281
southern,90240
mediterranean,608771
european,608771
french,608771
mexican,720481
mediterranean,611530
european,611530
italian,611530
mediterranean,479735
european,479735
italian,479735
mediterranean,449452
european,449452
french,449452
mediterranean,601265
european,601265
italian,601265
mediterranean,592970
european,592970
italian,592970
american,813120
asian,620051
indian,620051
american,217260
mediterranean,630811
european,630811
italian,630811
asian,417417
indian,417417
american,334716
japanes,211705
asian,211705
american,248413
mediterranean,711790
european,711790
italian,711790
american,548005
jewish,199296
southern,79842
asian,744958
indian,744958
asian,495866
indian,495866
american,509433
asian,221957
indian,221957
asian,472148
indian,472148
american,633293
asian,532514
thai,532514
middl eastern,631609
mexican,548991
spanish,609186
european,609186
american,200581
mediterranean,10363
european,10363
italian,10363
southern,509935
american,250226
spanish,602709
european,602709
mediterranean,377084
european,377084
italian,377084
middl eastern,533748
middl eastern,330423
american,63859
southern,80053
asian,607310
indian,607310
southern,559447
southern,615694
american,577316
mediterranean,560137
european,560137
french,560137
european,518213
english,518213
british,518213
scottish,518213
mediterranean,521225
european,521225
italian,521225
mexican,733340
american,64016
mediterranean,543533
european,543533
italian,543533
chines,592211
asian,592211
asian,615616
vietnames,615616
american,703870
southern,619684
mediterranean,582988
european,582988
italian,582988
south american,569062
latin american,569062
mexican,605952
european,366358
eastern european,366358
mediterranean,673351
european,673351
italian,673351
mediterranean,578006
european,578006
french,578006
american,527251
american,491768
japanes,201737
asian,201737
mediterranean,760028
european,760028
italian,760028
american,602667
chines,609190
asian,609190
mediterranean,570454
european,570454
italian,570454
mexican,698150
mediterranean,444883
european,444883
italian,444883
asian,196275
korean,196275
southern,294882
mexican,202084
european,759871
english,759871
british,759871
scottish,759871
mediterranean,688090
european,688090
french,688090
mediterranean,9571
european,9571
italian,9571
asian,563002
vietnames,563002
mediterranean,697932
european,697932
italian,697932
mediterranean,548225
european,548225
italian,548225
spanish,759445
european,759445
mexican,623039
european,525464
english,525464
british,525464
scottish,525464
asian,494983
thai,494983
mediterranean,759561
european,759561
italian,759561
mediterranean,213614
european,213614
italian,213614
mediterranean,695625
european,695625
italian,695625
mexican,631114
spanish,249409
european,249409
jewish,751376
greek,607680
mediterranean,607680
european,607680
mediterranean,474559
european,474559
french,474559
southern,258597
european,548470
english,548470
british,548470
scottish,548470
mexican,508802
mediterranean,593349
european,593349
italian,593349
american,244066
southern,398327
mediterranean,40065
european,40065
french,40065
mediterranean,590744
european,590744
italian,590744
southern,71055
southern,25761
american,552001
cajun,316578
creol,316578
american,551853
mediterranean,698864
european,698864
italian,698864
american,793848
middl eastern,539386
american,729484
japanes,10019
asian,10019
japanes,496460
asian,496460
american,175725
spanish,605841
european,605841
asian,486675
indian,486675
mediterranean,204940
european,204940
italian,204940
mexican,82265
japanes,249005
asian,249005
american,63529
mexican,517595
mexican,607793
asian,553535
indian,553535
american,604453
american,693367
asian,40605
thai,40605
american,517490
asian,19954
korean,19954
american,517238
scandinavian,488545
european,488545
nordic,488545
mediterranean,471501
european,471501
italian,471501
european,666456
english,666456
british,666456
scottish,666456
southern,571506
american,578983
asian,503686
indian,503686
mediterranean,801523
european,801523
italian,801523
mexican,549482
south american,611911
latin american,611911
mexican,580762
mexican,47100
mexican,496528
mexican,517942
american,393081
cajun,528513
creol,528513
asian,793828
thai,793828
mexican,799768
american,670741
cajun,244586
creol,244586
european,493798
english,493798
british,493798
scottish,493798
american,622672
mediterranean,474970
european,474970
italian,474970
american,243881
american,501052
asian,579214
indian,579214
european,478119
eastern european,478119
asian,33738
indian,33738
japanes,606380
asian,606380
american,582628
middl eastern,567881
american,244185
southern,765203
mediterranean,753479
european,753479
italian,753479
american,64100
european,11141
irish,11141
southern,449768
asian,506706
indian,506706
american,477732
mexican,515653
american,517264
asian,665992
indian,665992
african,716268
asian,570732
thai,570732
american,517080
southern,621649
south american,536308
latin american,536308
mexican,474807
american,100004
asian,613221
indian,613221
asian,513732
indian,513732
american,537766
southern,638568
european,312628
english,312628
british,312628
scottish,312628
american,628527
cajun,596562
creol,596562
chines,497109
asian,497109
mediterranean,543793
european,543793
italian,543793
cajun,298296
creol,298296
cajun,568091
creol,568091
american,621653
mediterranean,596981
european,596981
italian,596981
southern,72051
american,783735
american,573354
american,543361
european,798211
english,798211
british,798211
scottish,798211
mediterranean,541636
european,541636
french,541636
mexican,542627
southern,516121
southern,625780
mediterranean,580604
european,580604
italian,580604
mediterranean,627786
european,627786
italian,627786
american,558839
american,517430
mediterranean,683645
european,683645
italian,683645
american,291060
mediterranean,481108
european,481108
italian,481108
mediterranean,558216
european,558216
italian,558216
mexican,621138
american,260822
mexican,566456
mediterranean,708877
european,708877
italian,708877
mexican,516954
american,543735
european,200630
eastern european,200630
european,548998
english,548998
british,548998
scottish,548998
mediterranean,293716
european,293716
italian,293716
american,64024
middl eastern,490547
american,465229
mediterranean,609898
european,609898
italian,609898
japanes,246381
asian,246381
mexican,496841
mediterranean,514078
european,514078
italian,514078
american,63666
mexican,560607
southern,603403
mediterranean,445050
european,445050
italian,445050
mediterranean,108570
european,108570
italian,108570
mexican,80704
mediterranean,773805
european,773805
italian,773805
european,494543
irish,494543
mediterranean,202630
european,202630
italian,202630
asian,88754
indian,88754
asian,17841
thai,17841
american,519975
asian,250916
indian,250916
mediterranean,70251
european,70251
french,70251
american,688530
asian,521335
thai,521335
american,489638
mediterranean,203363
european,203363
italian,203363
mexican,611715
spanish,31515
european,31515
mediterranean,203779
european,203779
french,203779
middl eastern,560613
mexican,542886
mediterranean,550939
european,550939
italian,550939
asian,249202
vietnames,249202
mexican,600231
american,795826
american,573287
mediterranean,598398
european,598398
french,598398
mediterranean,64506
european,64506
italian,64506
american,508100
american,615602
southern,244041
middl eastern,721574
mexican,609849
american,759739
spanish,245301
european,245301
american,520086
asian,578161
indian,578161
spanish,531371
european,531371
american,44272
mexican,513991
asian,305834
indian,305834
southern,575366
american,63429
mexican,481808
american,764993
american,134822
chines,584727
asian,584727
middl eastern,508085
american,396567
asian,687874
indian,687874
scandinavian,773043
european,773043
nordic,773043
mediterranean,511110
european,511110
italian,511110
mediterranean,307397
european,307397
italian,307397
american,610896
american,809332
mediterranean,176599
european,176599
french,176599
mediterranean,613312
european,613312
italian,613312
american,824349
southern,545893
mediterranean,522817
european,522817
french,522817
american,691413
mexican,534984
american,622373
mediterranean,534243
european,534243
italian,534243
mediterranean,291632
european,291632
italian,291632
american,603839
american,585175
mexican,471719
middl eastern,480980
spanish,591977
european,591977
american,276367
mexican,625977
european,582430
eastern european,582430
spanish,134183
european,134183
mediterranean,591994
european,591994
italian,591994
mexican,549100
southern,516328
american,600276
mexican,536168
southern,479463
mexican,144886
chines,629735
asian,629735
asian,479239
vietnames,479239
american,715139
mexican,552438
european,760079
english,760079
british,760079
scottish,760079
middl eastern,181315
mexican,21243
european,560281
irish,560281
mexican,3975
chines,567561
asian,567561
mediterranean,203995
european,203995
italian,203995
mexican,473128
american,558262
mediterranean,105166
european,105166
italian,105166
american,530456
american,626266
american,34127
southern,542500
mediterranean,47050
european,47050
french,47050
american,510224
european,572691
english,572691
british,572691
scottish,572691
mediterranean,134894
european,134894
french,134894
mediterranean,474346
european,474346
italian,474346
mediterranean,627257
european,627257
italian,627257
american,201916
american,523333
mediterranean,799202
european,799202
italian,799202
american,628732
mediterranean,757901
european,757901
italian,757901
american,573403
asian,671485
thai,671485
american,518805
american,572846
spanish,110163
european,110163
chines,415936
asian,415936
mediterranean,447471
european,447471
french,447471
middl eastern,491976
american,518795
mediterranean,620402
european,620402
italian,620402
mexican,170889
american,203699
mediterranean,185130
european,185130
italian,185130
american,717786
european,588429
english,588429
british,588429
scottish,588429
chines,94041
asian,94041
mexican,499854
european,492586
english,492586
british,492586
scottish,492586
american,136231
mediterranean,562546
european,562546
italian,562546
american,474966
mexican,512526
american,616352
mediterranean,465699
european,465699
italian,465699
mexican,586974
mediterranean,578131
european,578131
italian,578131
mediterranean,601651
european,601651
italian,601651
southern,604363
asian,827298
indian,827298
chines,202918
asian,202918
mexican,247591
caribbean,499767
central american,499767
mexican,748720
mexican,705028
mediterranean,464197
european,464197
french,464197
mediterranean,409558
european,409558
french,409558
american,592794
american,741544
mexican,789723
spanish,285360
european,285360
chines,511947
asian,511947
european,615279
english,615279
british,615279
scottish,615279
asian,605925
thai,605925
mediterranean,582682
european,582682
italian,582682
american,492660
american,571827
chines,295899
asian,295899
american,605092
mexican,694948
mediterranean,487490
european,487490
italian,487490
american,515885
american,302291
mexican,594833
middl eastern,68373
mediterranean,589994
european,589994
italian,589994
asian,53814
indian,53814
asian,591352
indian,591352
mediterranean,36204
european,36204
italian,36204
american,311326
european,507749
irish,507749
american,487405
american,34669
american,534839
asian,539303
indian,539303
american,508745
middl eastern,482498
mediterranean,510810
european,510810
french,510810
american,534139
asian,246362
indian,246362
european,572082
english,572082
british,572082
scottish,572082
asian,747612
vietnames,747612
american,713573
american,64922
mediterranean,218908
european,218908
italian,218908
southern,95592
southern,177943
southern,746066
american,241172
mexican,39064
european,524701
english,524701
british,524701
scottish,524701
american,300191
southern,606704
mexican,586717
american,672221
african,704612
american,733347
mediterranean,534319
european,534319
italian,534319
american,606717
mexican,403484
southern,810106
american,597648
american,525110
mexican,34147
mediterranean,209936
european,209936
italian,209936
mediterranean,553758
european,553758
italian,553758
mexican,249339
american,591455
mexican,198325
american,198763
mediterranean,534706
european,534706
french,534706
mediterranean,713973
european,713973
italian,713973
caribbean,702419
central american,702419
american,546524
american,558891
caribbean,325702
central american,325702
mediterranean,812005
european,812005
french,812005
mexican,573837
american,577418
spanish,738467
european,738467
mediterranean,95442
european,95442
italian,95442
mediterranean,236899
european,236899
french,236899
cajun,519012
creol,519012
mexican,763450
mediterranean,626603
european,626603
italian,626603
mexican,484614
american,602749
mediterranean,522413
european,522413
italian,522413
mediterranean,513615
european,513615
italian,513615
american,626775
german,573352
european,573352
southern,598986
asian,457127
thai,457127
mediterranean,206262
european,206262
french,206262
mediterranean,249565
european,249565
italian,249565
european,146010
eastern european,146010
american,504737
american,592598
spanish,572903
european,572903
mediterranean,621803
european,621803
italian,621803
mediterranean,827429
european,827429
italian,827429
asian,34708
indian,34708
mexican,587181
chines,17836
asian,17836
asian,611511
indian,611511
southern,574625
american,175968
asian,246766
indian,246766
mediterranean,204040
european,204040
italian,204040
european,481465
english,481465
british,481465
scottish,481465
southern,475286
mediterranean,753037
european,753037
italian,753037
american,527838
american,225134
american,598739
middl eastern,446741
asian,302213
thai,302213
american,140789
mexican,473706
mediterranean,620092
european,620092
italian,620092
mexican,565470
middl eastern,536476
asian,719746
indian,719746
mexican,26455
southern,472245
mediterranean,544096
european,544096
italian,544096
asian,85455
thai,85455
mexican,248239
mediterranean,579304
european,579304
italian,579304
american,695527
mexican,30921
mediterranean,39087
european,39087
italian,39087
southern,601149
american,569772
american,525867
mediterranean,693275
european,693275
italian,693275
american,618809
mexican,697194
asian,78133
korean,78133
american,824223
american,534210
greek,551536
mediterranean,551536
european,551536
european,204871
irish,204871
japanes,562417
asian,562417
caribbean,591344
central american,591344
mediterranean,535779
european,535779
italian,535779
mexican,108110
mediterranean,511956
european,511956
italian,511956
mexican,409819
american,713596
mediterranean,534787
european,534787
italian,534787
south american,219074
latin american,219074
