1039,Cheese,roquefort cheese,https://spoonacular.com/cdn/ingredients_100x100/roquefort.jpg
1097,Baking,evaporated skim milk,https://spoonacular.com/cdn/ingredients_100x100/evaporated-milk.jpg
1173,Baking,powdered egg whites,https://spoonacular.com/cdn/ingredients_100x100/white-powder.jpg
2020,Spices and Seasonings,garlic flakes,https://spoonacular.com/cdn/ingredients_100x100/garlic-powder.jpg
4532,Baking,hazelnut oil,https://spoonacular.com/cdn/ingredients_100x100/hazelnut-oil.jpg
4542,Meat,chicken fat,https://spoonacular.com/cdn/ingredients_100x100/lard.jpg
4576,Meat,schmaltz,https://spoonacular.com/cdn/ingredients_100x100/lard.jpg
4674,Milk; Eggs; Other Dairy,light buttery spread,https://spoonacular.com/cdn/ingredients_100x100/light-buttery-spread.png
5027,Meat,chicken liver,https://spoonacular.com/cdn/ingredients_100x100/chicken-liver.jpg
5151,Meat,guinea fowl,https://spoonacular.com/cdn/ingredients_100x100/guinea-fowl.png
5157,Meat,quail,https://spoonacular.com/cdn/ingredients_100x100/quail.png
5171,Meat,turkey giblets,https://spoonacular.com/cdn/ingredients_100x100/no.jpg
5179,Meat,turkey neck,https://spoonacular.com/cdn/ingredients_100x100/turkey-neck.jpg
5195,Meat,turkey wings,https://spoonacular.com/cdn/ingredients_100x100/chicken-wing.jpg
5307,Meat,cornish hens,https://spoonacular.com/cdn/ingredients_100x100/quail.jpg
6075,Canned and Jarred,beef bouillon powder,https://spoonacular.com/cdn/ingredients_100x100/ground-coriander.jpg
6182,Canned and Jarred,reduced sodium cream of mushroom soup,https://spoonacular.com/cdn/ingredients_100x100/cream-of-mushroom-soup.png
6233,Pasta and Rice,tomato & basil sauce,https://spoonacular.com/cdn/ingredients_100x100/tomato-sauce-or-pasta-sauce.jpg
7216,Meat,smoked ham,https://spoonacular.com/cdn/ingredients_100x100/diced-ham.jpg
7235,Meat,little smokies,https://spoonacular.com/cdn/ingredients_100x100/cocktail-sausages.png
7925,Meat,pastrami,https://spoonacular.com/cdn/ingredients_100x100/whole-chicken.jpg
8092,Baking,quick cooking grits,https://spoonacular.com/cdn/ingredients_100x100/cornmeal.jpg
8640,Cereal,instant oatmeal,https://spoonacular.com/cdn/ingredients_100x100/rolled-oats.jpg
9107,Produce,gooseberries,https://spoonacular.com/cdn/ingredients_100x100/gooseberries.jpg
9139,Produce,guava,https://spoonacular.com/cdn/ingredients_100x100/guava.jpg
9149,Produce,kumquats,https://spoonacular.com/cdn/ingredients_100x100/kumquat.jpg
9164,Produce,lychee,https://spoonacular.com/cdn/ingredients_100x100/lychees.jpg
9190,Produce,mulberries,https://spoonacular.com/cdn/ingredients_100x100/black-and-white-mulberries.jpg
9246,Produce,dried peaches,https://spoonacular.com/cdn/ingredients_100x100/dried-apricots.jpg
9263,Produce,asian persimmons,https://spoonacular.com/cdn/ingredients_100x100/persimmon.jpg
11032,Pasta and Rice,baby lima beans,https://spoonacular.com/cdn/ingredients_100x100/broad-beans.jpg
11039,Frozen,frozen baby lima beans,https://spoonacular.com/cdn/ingredients_100x100/broad-beans.jpg
11084,Canned and Jarred,pickled beets,https://spoonacular.com/cdn/ingredients_100x100/pickled-beets.png
11086,Produce,beet greens,https://spoonacular.com/cdn/ingredients_100x100/beet-leaves.jpg
11176,Canned and Jarred,mexicorn,https://spoonacular.com/cdn/ingredients_100x100/mexicorn.png
11241,Produce,kohlrabi,https://spoonacular.com/cdn/ingredients_100x100/kohlrabi.jpg
11257,Produce,red leaf lettuce,https://spoonacular.com/cdn/ingredients_100x100/lollo-rosso.jpg
11270,Produce,mustard greens,https://spoonacular.com/cdn/ingredients_100x100/no.jpg
11489,Produce,hubbard squash,https://spoonacular.com/cdn/ingredients_100x100/hubbard-squash.jpg
11568,Produce,turnip greens,https://spoonacular.com/cdn/ingredients_100x100/turnip-greens.jpg
11615,Spices and Seasonings,dried chives,https://spoonacular.com/cdn/ingredients_100x100/chives-dried.jpg
11667,Health Foods,spirulina,https://spoonacular.com/cdn/ingredients_100x100/spirulina-powder.jpg
11695,Produce,orange tomatoes,https://spoonacular.com/cdn/ingredients_100x100/tomato-orange.jpg
11974,Ethnic Foods,grape leaves,https://spoonacular.com/cdn/ingredients_100x100/grape-leaves.jpg
12152,Savory Snacks,unsalted pistachios,https://spoonacular.com/cdn/ingredients_100x100/pistachios.jpg
13227,Meat,beef shank,https://spoonacular.com/cdn/ingredients_100x100/no.jpg
13325,Meat,liver,https://spoonacular.com/cdn/ingredients_100x100/liver.jpg
13923,Meat,beef strip loin,https://spoonacular.com/cdn/ingredients_100x100/strip-steak.jpg
14100,Alcoholic Beverages,shiraz wine,https://spoonacular.com/cdn/ingredients_100x100/red-wine.jpg
14140,Alcoholic Beverages,moscato,https://spoonacular.com/cdn/ingredients_100x100/red-wine.jpg
14242,Beverages,cranberry juice cocktail,https://spoonacular.com/cdn/ingredients_100x100/cranberry-juice.jpg
14303,Frozen,limeade concentrate,https://spoonacular.com/cdn/ingredients_100x100/limeade.jpg
14649,Gourmet,hibiscus flowers,https://spoonacular.com/cdn/ingredients_100x100/edible-flowers.jpg
15004,Seafood,european seabass,https://spoonacular.com/cdn/ingredients_100x100/sea-bass.jpg
15019,Seafood,sablefish,https://spoonacular.com/cdn/ingredients_100x100/cod-fillet.jpg
15028,Seafood,flounder,https://spoonacular.com/cdn/ingredients_100x100/flounder-fresh.jpg
15072,Seafood,salmon roe,https://spoonacular.com/cdn/ingredients_100x100/salmon-roe-or-red-caviar.jpg
15114,Seafood,trout fillets,https://spoonacular.com/cdn/ingredients_100x100/trout-fillet.jpg
15115,Seafood,rainbow trout,https://spoonacular.com/cdn/ingredients_100x100/trout-fillet.jpg
15127,Seafood,yellow fin tuna steaks,https://spoonacular.com/cdn/ingredients_100x100/tuna-canned.jpg
15129,Seafood,turbot,https://spoonacular.com/cdn/ingredients_100x100/turbot.jpg
15184,Canned and Jarred,light tuna,https://spoonacular.com/cdn/ingredients_100x100/tuna-canned.jpg
15234,Seafood,farm raised catfish filet,https://spoonacular.com/cdn/ingredients_100x100/catfish.jpg
15260,Canned and Jarred,canned salmon,https://spoonacular.com/cdn/ingredients_100x100/salmon-canned.jpg
16032,Canned and Jarred,dried beans,https://spoonacular.com/cdn/ingredients_100x100/kidney-beans.jpg
16037,Pasta and Rice,dried navy beans,https://spoonacular.com/cdn/ingredients_100x100/white-beans.jpg
16052,Pasta and Rice,dried fava beans,https://spoonacular.com/cdn/ingredients_100x100/broad-beans.jpg
16053,Pasta and Rice,fava beans,https://spoonacular.com/cdn/ingredients_100x100/broad-beans.jpg
16055,Health Foods,carob powder,https://spoonacular.com/cdn/ingredients_100x100/no.jpg
16073,Canned and Jarred,canned lima beans,https://spoonacular.com/cdn/ingredients_100x100/broad-beans.jpg
16086,Canned and Jarred,cooked yellow split peas,https://spoonacular.com/cdn/ingredients_100x100/yellow-split-peas.jpg
16100,Baking,peanut flour,https://spoonacular.com/cdn/ingredients_100x100/chickpea-flour-or-another-gluten-free-flour.jpg
16111,Health Foods,soy nuts,https://spoonacular.com/cdn/ingredients_100x100/soy-beans.jpg
16117,Health Foods,fat free soy flour,https://spoonacular.com/cdn/ingredients_100x100/chickpea-flour-or-another-gluten-free-flour.jpg
16122,Health Foods,soy protein isolate,https://spoonacular.com/cdn/ingredients_100x100/protein-powder.jpg
16123,Ethnic Foods,shoyu,https://spoonacular.com/cdn/ingredients_100x100/soy-sauce.jpg
16542,Frozen,meat free bacon,https://spoonacular.com/cdn/ingredients_100x100/bacon.jpg
17330,Meat,ground bison,https://spoonacular.com/cdn/ingredients_100x100/meat-ground-red.jpg
18022,Baking,cornbread mix,https://spoonacular.com/cdn/ingredients_100x100/cornbread.jpg
18082,Bakery/Bread,stuffing,https://spoonacular.com/cdn/ingredients_100x100/stuffing-mix.png
18087,Baking,angel food cake mix,https://spoonacular.com/cdn/ingredients_100x100/angel-food-cake.jpg
18174,Sweet Snacks,chocolate digestive biscuits,https://spoonacular.com/cdn/ingredients_100x100/chocolate-digestive-biscuits.jpg
18210,Sweet Snacks,vanilla cream filled sandwich style cookies,https://spoonacular.com/cdn/ingredients_100x100/vanilla-sandwich-cookies.png
18217,Baking,matzoh meal,https://spoonacular.com/cdn/ingredients_100x100/matzo.jpg
18272,Frozen,waffle cones,https://spoonacular.com/cdn/ingredients_100x100/waffle-cone.jpg
18292,Cereal,pancake mix,https://spoonacular.com/cdn/ingredients_100x100/pancakes-isolated.jpg
18351,Bakery/Bread,whole wheat buns,https://spoonacular.com/cdn/ingredients_100x100/whole-wheat-hamburger-buns.jpg
18368,Ethnic Foods,eggroll wrappers,https://spoonacular.com/cdn/ingredients_100x100/puff-pastry.jpg
18608,Baking,chocolate graham cracker crumbs,https://spoonacular.com/cdn/ingredients_100x100/graham-crackers-chocolate.png
19108,Sweet Snacks,jelly beans,https://spoonacular.com/cdn/ingredients_100x100/jellybeans.jpg
19202,Baking,instant pistachio pudding mix,https://spoonacular.com/cdn/ingredients_100x100/pistachio-pudding-mix.jpg
19868,Baking,no calorie sweetener,https://spoonacular.com/cdn/ingredients_100x100/sugar-substitute.jpg
20008,Health Foods,buckwheat,https://spoonacular.com/cdn/ingredients_100x100/raw-buckwheat.jpg
20024,Baking,corn meal mix,https://spoonacular.com/cdn/ingredients_100x100/brown-flour.jpg
20029,Ethnic Foods,cooked couscous,https://spoonacular.com/cdn/ingredients_100x100/couscous-cooked.jpg
20060,Cereal,rice bran,https://spoonacular.com/cdn/ingredients_100x100/bran.jpg
20115,Ethnic Foods,cooked soba noodles,https://spoonacular.com/cdn/ingredients_100x100/soba-noodles.jpg
20138,Health Foods,kamut,https://spoonacular.com/cdn/ingredients_100x100/no.jpg
21224,Frozen,frozen cheese pizza,https://spoonacular.com/cdn/ingredients_100x100/pizza-isolated.png
22120,Frozen,tofu crumbles,https://spoonacular.com/cdn/ingredients_100x100/no.jpg
27049,Condiments,tartar sauce,https://spoonacular.com/cdn/ingredients_100x100/sour-cream.jpg
28015,Frozen,frozen waffles,https://spoonacular.com/cdn/ingredients_100x100/waffles-isolated.jpg
28111,Baking,chocolate crumb crust,https://spoonacular.com/cdn/ingredients_100x100/no.jpg
42063,Baking,liquid pectin,https://spoonacular.com/cdn/ingredients_100x100/fruit-pectin.jpg
42130,Meat,turkey bacon,https://spoonacular.com/cdn/ingredients_100x100/bacon-turkey.jpg
42304,Cheese,skim milk mozzarella cheese,https://spoonacular.com/cdn/ingredients_100x100/shredded-cheese-(white).jpg
43392,Produce,hearts of palm,https://spoonacular.com/cdn/ingredients_100x100/hearts-of-palm.jpg
43408,Beverages,pear juice,https://spoonacular.com/cdn/ingredients_100x100/pear-nectar-or-pear-juice.jpg
93615,Ethnic Foods,dulse,https://spoonacular.com/cdn/ingredients_100x100/dulse.jpg
93624,Cheese,halloumi,https://spoonacular.com/cdn/ingredients_100x100/halloumi-cheese.png
93629,Frozen,froyo bars,https://spoonacular.com/cdn/ingredients_100x100/frozen-yogurt.png
93649,Oil; Vinegar; Salad Dressing,catalina dressing,https://spoonacular.com/cdn/ingredients_100x100/catalina-dressing.png
93658,Health Foods,Energ egg replacer,https://spoonacular.com/cdn/ingredients_100x100/white-powder.jpg
93665,Milk; Eggs; Other Dairy,clotted cream,https://spoonacular.com/cdn/ingredients_100x100/clotted-cream.jpg
93671,Baking,banana bread mix,https://spoonacular.com/cdn/ingredients_100x100/carrot-quick-bread.jpg
93673,Meat,grouse,https://spoonacular.com/cdn/ingredients_100x100/quail.jpg
93689,Seafood,gravlax,https://spoonacular.com/cdn/ingredients_100x100/smoked-salmon.jpg
93691,Frozen,sorbet,https://spoonacular.com/cdn/ingredients_100x100/no.jpg
93702,Produce,yuzu,https://spoonacular.com/cdn/ingredients_100x100/yuzu.png
93719,Gourmet,wasabi peas,https://spoonacular.com/cdn/ingredients_100x100/split-peas-green.jpg
93727,Frozen,tortellini,https://spoonacular.com/cdn/ingredients_100x100/tortellini-isolated.jpg
93737,Sweet Snacks,red cinnamon candies,https://spoonacular.com/cdn/ingredients_100x100/red-cinnamon-candies.jpg
93739,Baking,wondra flour,https://spoonacular.com/cdn/ingredients_100x100/flour.png
93748,Cheese,chive & onion cream cheese spread,https://spoonacular.com/cdn/ingredients_100x100/green-onion-cream-cheese-dip.jpg
93752,Ethnic Foods,ginger juice,https://spoonacular.com/cdn/ingredients_100x100/ginger-juice.jpg
93763,Gluten Free,amaranth flour,https://spoonacular.com/cdn/ingredients_100x100/brown-flour.jpg
93766,Sweet Snacks,amaretti biscuits,https://spoonacular.com/cdn/ingredients_100x100/amaretti.jpg
93779,Alcoholic Beverages,banana liqueur,https://spoonacular.com/cdn/ingredients_100x100/limoncello.jpg
93780,Alcoholic Beverages,galliano,https://spoonacular.com/cdn/ingredients_100x100/galliano.png
93786,Alcoholic Beverages,lillet blanc,https://spoonacular.com/cdn/ingredients_100x100/no.jpg
93787,Alcoholic Beverages,cachaca,https://spoonacular.com/cdn/ingredients_100x100/cachaca.jpg
93791,Cheese,jarlsberg cheese,https://spoonacular.com/cdn/ingredients_100x100/Swiss-cheese.jpg
93799,Meat,guanciale,https://spoonacular.com/cdn/ingredients_100x100/guanciale.jpg
93801,Spices and Seasonings,hollandaise sauce,https://spoonacular.com/cdn/ingredients_100x100/hollandaise-sauce.jpg
93809,Alcoholic Beverages,grappa,https://spoonacular.com/cdn/ingredients_100x100/grappa.jpg
93811,Gourmet,fresh lavender,https://spoonacular.com/cdn/ingredients_100x100/no.jpg
93819,Not in Grocery Store/Homemade,sourdough starter,https://spoonacular.com/cdn/ingredients_100x100/sourdough-starter.png
93837,Bakery/Bread,focaccia,https://spoonacular.com/cdn/ingredients_100x100/focaccia.jpg
98862,Canned and Jarred,olive tapenade,https://spoonacular.com/cdn/ingredients_100x100/olive-tapenade.jpg
98866,Baking,funfetti cake mix,https://spoonacular.com/cdn/ingredients_100x100/white-cake-mix.png
98881,Baking,food coloring gel,https://spoonacular.com/cdn/ingredients_100x100/food-coloring.png
98883,Baking,high gluten flour,https://spoonacular.com/cdn/ingredients_100x100/flour.png
98886,Baking,graham flour,https://spoonacular.com/cdn/ingredients_100x100/flour.png
98896,Beverages,acai juice,https://spoonacular.com/cdn/ingredients_100x100/apple-juice.jpg
98899,Cereal,oat flakes,https://spoonacular.com/cdn/ingredients_100x100/quinoa-flakes.jpg
98900,Nut butters; Jams; and Honey,soy butter,https://spoonacular.com/cdn/ingredients_100x100/peanut-butter.jpg
98902,Nut butters; Jams; and Honey,lime curd,https://spoonacular.com/cdn/ingredients_100x100/no.jpg
98915,Bakery/Bread,texas toast,https://spoonacular.com/cdn/ingredients_100x100/texas-toast.png
98931,Produce,pluots,https://spoonacular.com/cdn/ingredients_100x100/mixed-fresh-fruit.jpg
98939,Produce,rainier cherries,https://spoonacular.com/cdn/ingredients_100x100/cherries.jpg
98950,Canned and Jarred,canned lychees,https://spoonacular.com/cdn/ingredients_100x100/lychees.jpg
98954,Ethnic Foods,plum vinegar,https://spoonacular.com/cdn/ingredients_100x100/vinegar-(white).jpg
98964,Spices and Seasonings,mango powder,https://spoonacular.com/cdn/ingredients_100x100/amchoor.jpg
98965,Health Foods,soy lecithin granules,https://spoonacular.com/cdn/ingredients_100x100/soy-lecithin.jpg
98975,Condiments,vegan mayonnaise,https://spoonacular.com/cdn/ingredients_100x100/mayonnaise.jpg
99005,Baking,xylitol,https://spoonacular.com/cdn/ingredients_100x100/no.jpg
99007,Canned and Jarred,canned adzuki beans,https://spoonacular.com/cdn/ingredients_100x100/Azuki-beans.jpg
99024,Pasta and Rice,whole wheat couscous,https://spoonacular.com/cdn/ingredients_100x100/couscous-cooked.jpg
99029,,curacao,https://spoonacular.com/cdn/ingredients_100x100/curacao.jpg
99047,Baking,peanut butter cookie mix,https://spoonacular.com/cdn/ingredients_100x100/cookies-isolated.jpg
99059,Gluten Free,gluten-free burger buns,https://spoonacular.com/cdn/ingredients_100x100/hamburger-bun.jpg
99062,Gluten Free,quinoa elbows,https://spoonacular.com/cdn/ingredients_100x100/fusilli.jpg
99064,Gluten Free,gluten-free chocolate sandwich cookies,https://spoonacular.com/cdn/ingredients_100x100/oreos.png
99081,Health Foods,kelp noodles,https://spoonacular.com/cdn/ingredients_100x100/kelp-noodles.jpg
99095,Beverages,alo drink,https://spoonacular.com/cdn/ingredients_100x100/no.jpg
99098,Savory Snacks,bagel chips,https://spoonacular.com/cdn/ingredients_100x100/bagel-chips.jpg
99106,Cereal,captain crunch,https://spoonacular.com/cdn/ingredients_100x100/captain-crunch.jpg
99107,Produce,carrot leaves,https://spoonacular.com/cdn/ingredients_100x100/carrot-leaves.jpg
99121,Savory Snacks,gold-fish crackers,https://spoonacular.com/cdn/ingredients_100x100/goldfish-crackers.jpg
99136,Health Foods,rye berries,https://spoonacular.com/cdn/ingredients_100x100/hulled-rye-berries.jpg
99160,Sweet Snacks,licorice twists,https://spoonacular.com/cdn/ingredients_100x100/red-licorice-candy.jpg
99164,Ethnic Foods,sago,https://spoonacular.com/cdn/ingredients_100x100/sago-pearls.jpg
99165,Bread,sandwich thins,https://spoonacular.com/cdn/ingredients_100x100/sandwich-thins.jpg
99171,Produce,star apple,https://spoonacular.com/cdn/ingredients_100x100/star-apple.jpg
99179,Produce,wax gourd,https://spoonacular.com/cdn/ingredients_100x100/wax-gourd.jpg
99185,Beverages,limeade,https://spoonacular.com/cdn/ingredients_100x100/limeade.jpg
1001017,Cheese,soft cheese,https://spoonacular.com/cdn/ingredients_100x100/cream-cheese.jpg
1002019,Spices and Seasonings,ground fenugreek,https://spoonacular.com/cdn/ingredients_100x100/onion-powder.jpg
1002048,Oil; Vinegar; Salad Dressing,raspberry vinegar,https://spoonacular.com/cdn/ingredients_100x100/red-wine-vinegar.jpg
1004073,Milk; Eggs; Other Dairy,stick margarine,https://spoonacular.com/cdn/ingredients_100x100/butter-sliced.jpg
1004679,Oil; Vinegar; Salad Dressing,olive oil cooking spray,https://spoonacular.com/cdn/ingredients_100x100/cooking-spray.jpg
1005191,Meat,bone in skin on turkey breast,https://spoonacular.com/cdn/ingredients_100x100/chicken-wing.jpg
1006008,Canned and Jarred,bouillon,https://spoonacular.com/cdn/ingredients_100x100/no.jpg
1006076,Canned and Jarred,beef bouillon granules,https://spoonacular.com/cdn/ingredients_100x100/bouillon-cube.jpg
1006164,Pasta and Rice,picante sauce,https://spoonacular.com/cdn/ingredients_100x100/salsa.jpg
1006168,Condiments,jalapeno pepper sauce,https://spoonacular.com/cdn/ingredients_100x100/green-hot-sauce.png
1008020,Baking,cornflake crumbs,https://spoonacular.com/cdn/ingredients_100x100/cornflakes.jpg
1009003,Produce,pink lady apple,https://spoonacular.com/cdn/ingredients_100x100/bramley-apples.png
1009112,Produce,red grapefruit,https://spoonacular.com/cdn/ingredients_100x100/red-grapefruit.jpg
1009132,Produce,concord grapes,https://spoonacular.com/cdn/ingredients_100x100/red-grapes.jpg
1012023,Produce,bouquet garni,https://spoonacular.com/cdn/ingredients_100x100/mixed-fresh-herbs.jpg
1012035,Spices and Seasonings,chai spice,https://spoonacular.com/cdn/ingredients_100x100/garam-masala.jpg
1019003,Produce,fuji apple,https://spoonacular.com/cdn/ingredients_100x100/apple.jpg
1026076,Canned and Jarred,stock cube,https://spoonacular.com/cdn/ingredients_100x100/no.jpg
1035062,Meat,bone in chicken breast halves,https://spoonacular.com/cdn/ingredients_100x100/chicken-breasts.jpg
10011209,Produce,japanese eggplant,https://spoonacular.com/cdn/ingredients_100x100/eggplant.jpg
10011416,Gourmet,edible flowers,https://spoonacular.com/cdn/ingredients_100x100/edible-flowers.jpg
10011507,Produce,white sweet potatoes,https://spoonacular.com/cdn/ingredients_100x100/sweet-potato.jpg
10011583,Frozen,pepper and onion mix,https://spoonacular.com/cdn/ingredients_100x100/mixed-vegetables.png
10011990,Ethnic Foods,wasabi paste,https://spoonacular.com/cdn/ingredients_100x100/wasabi-paste.jpg
10015028,Seafood,lemon sole,https://spoonacular.com/cdn/ingredients_100x100/sole.jpg
10015147,Seafood,lobster tails,https://spoonacular.com/cdn/ingredients_100x100/lobster-tails.jpg
10015261,Seafood,white fish fillets,https://spoonacular.com/cdn/ingredients_100x100/fish-fillet.jpg
10016019,Canned and Jarred,dried borlotti beans,https://spoonacular.com/cdn/ingredients_100x100/cranberry-beans.jpg
10016070,Canned and Jarred,canned lentils,https://spoonacular.com/cdn/ingredients_100x100/lentils-brown.jpg
10016071,Canned and Jarred,dried butter beans,https://spoonacular.com/cdn/ingredients_100x100/white-beans.jpg
10016424,Condiments,low sodium shoyu,https://spoonacular.com/cdn/ingredients_100x100/soy-sauce.jpg
10017032,Meat,lean rack of lamb,https://spoonacular.com/cdn/ingredients_100x100/racks-of-lamb.jpg
10018228,Savory Snacks,oyster crackers,https://spoonacular.com/cdn/ingredients_100x100/oyster-crackers.jpg
10018337,Refrigerated,puff pastry shell,https://spoonacular.com/cdn/ingredients_100x100/pastry-shells.jpg
10019150,Sweet Snacks,mini peanut butter cups,https://spoonacular.com/cdn/ingredients_100x100/peanut-butter-cup.jpg
10019172,Baking,lime jello,https://spoonacular.com/cdn/ingredients_100x100/green-jello.jpg
10019297,Nut butters; Jams; and Honey,apple preserves,https://spoonacular.com/cdn/ingredients_100x100/yellow-jelly.jpg
10019383,Sweet Snacks,toffee,https://spoonacular.com/cdn/ingredients_100x100/toffee-pieces.jpg
10019868,Baking,splenda granular,https://spoonacular.com/cdn/ingredients_100x100/no.jpg
10020054,Pasta and Rice,glutinous rice,https://spoonacular.com/cdn/ingredients_100x100/rice-jasmine-cooked.jpg
10023562,Meat,ground beef round,https://spoonacular.com/cdn/ingredients_100x100/meat-ground-red.jpg
10035177,Meat,elk steak,https://spoonacular.com/cdn/ingredients_100x100/whole-chicken.jpg
10043028,Nut butters; Jams; and Honey,sugar free jam,https://spoonacular.com/cdn/ingredients_100x100/strawberry-jam.jpg
10093657,Seafood,dried shrimp,https://spoonacular.com/cdn/ingredients_100x100/shrimp-dried.jpg
10093702,Baking,citron,https://spoonacular.com/cdn/ingredients_100x100/yuzu.png
10098875,Pasta and Rice,gluten free spaghetti,https://spoonacular.com/cdn/ingredients_100x100/spaghetti.jpg
10110204,Meat,country style pork ribs,https://spoonacular.com/cdn/ingredients_100x100/ribs.jpg
10111477,,zucchini noodles,https://spoonacular.com/cdn/ingredients_100x100/no.jpg
10111641,Produce,gem squash,https://spoonacular.com/cdn/ingredients_100x100/gem-squash.jpg
10111643,Produce,sweet dumpling squash,https://spoonacular.com/cdn/ingredients_100x100/buttercup-squash.jpg
10111962,Produce,dried chili,https://spoonacular.com/cdn/ingredients_100x100/red-chili.jpg
10111990,Ethnic Foods,wasabi powder,https://spoonacular.com/cdn/ingredients_100x100/wasabi.jpg
10115028,Seafood,sole fillets,https://spoonacular.com/cdn/ingredients_100x100/sole.jpg
10118371,Spices and Seasonings,sodium alum,https://spoonacular.com/cdn/ingredients_100x100/white-powder.jpg
10120125,Pasta and Rice,cooked whole wheat spaghetti,https://spoonacular.com/cdn/ingredients_100x100/spaghetti.jpg
10120421,Pasta and Rice,cooked farfalle,https://spoonacular.com/cdn/ingredients_100x100/farfalle.png
10193663,Spices and Seasonings,rajma masala,https://spoonacular.com/cdn/ingredients_100x100/no.jpg
10216034,Canned and Jarred,canned beans,https://spoonacular.com/cdn/ingredients_100x100/kidney-beans.jpg
10216070,Canned and Jarred,cooked green lentils,https://spoonacular.com/cdn/ingredients_100x100/lentils-green.jpg
10311111,Ethnic Foods,shiso leaves,https://spoonacular.com/cdn/ingredients_100x100/shiso-leaves.jpg
10311821,Produce,baby bell peppers,https://spoonacular.com/cdn/ingredients_100x100/yellow-bell-pepper.jpg
10319172,Baking,raspberry gelatin,https://spoonacular.com/cdn/ingredients_100x100/red-jello.jpg
10420124,Pasta and Rice,whole-wheat angel hair pasta,https://spoonacular.com/cdn/ingredients_100x100/whole-wheat-spaghetti.jpg
10543028,Nut butters; Jams; and Honey,sugar-free apricot jam,https://spoonacular.com/cdn/ingredients_100x100/apricot-jam.jpg
10611111,Baking,anise extract,https://spoonacular.com/cdn/ingredients_100x100/vanilla-extract.jpg
10920421,Pasta and Rice,cooked orzo,https://spoonacular.com/cdn/ingredients_100x100/orzo.jpg
11019297,Nut butters; Jams; and Honey,strawberry jelly,https://spoonacular.com/cdn/ingredients_100x100/strawberry-jam.jpg
11211111,Gourmet,elderflower,https://spoonacular.com/cdn/ingredients_100x100/elderflower.jpg
11611111,Meat,beef bones,https://spoonacular.com/cdn/ingredients_100x100/beef-soup-bone.jpg
12411111,Gourmet,orange blossom water,https://spoonacular.com/cdn/ingredients_100x100/extract.jpg
13711111,Tea and Coffee,chai tea bags,https://spoonacular.com/cdn/ingredients_100x100/tea-bags.jpg
13911111,Health Foods,monk fruit extract,https://spoonacular.com/cdn/ingredients_100x100/sugar-substitute.jpg
